KEY_IN,KEY_OUT
b3P1ZNbaVjXj9DefeHnJ6OxNJxpmuKvoPdgiq8eSyTw=,I7V7_LzkVAJaGDDRbJ-BZRVhlh5pde9fjcEi631omek=
ue6L5ZKuVtlhLOTLoyBYextu4VBov1USF6Ww9fg30nY=,03W57T4uJ3zJkYsbQqS8TuZY_JG30xQvEig6S3jCFLs=
MZS2ZavYyUMlpWnNjhBX3KEkBboxV8btf0fOzemBnNU=,HsbWQwdHhE7A6VWKiiSKjzh-3yDHcF4t2-5xWFA9DQU=
QeYH1hVMiFbZjP2oyydHbIW8LPqf4AJMEWe8R-y_cZo=,qIbXMNxASWjPJBPWWNok2VIiN0_7ZWpwKuB5qTjElK0=
KyVBUQOnpMO71VHMfdcwA8XOxLPONMPgevzaav96_-k=,PxTwYNbqACSbpJd7jRgbRijDWM4lsmvuZDEz7Fpyzgs=
3DR9B7hrDOoc_1tdoHj_k-fP8rVNRNIYBjDRQ3A0SMI=,oE_PL_g5MI7b1ziTmEiEoyjdd0UpDc4cLUlfGXwTWiU=
STAu0M9T601fLvqO_9j9_Kslg1Lv18GnkPX4PUHq2o8=,foMKrOqwo9v4t4KfCGctw1KsM12rA05C66XpZomQ6tI=
02hKNWRT7sg-G7DTy6nfPGtvLxMncZXe5gAdqa_21zo=,47ajDR9GGjKGNzjk0MLT_e48Wg6yi-Pg74L_BM9Or8U=
VdP2pKLFKQAJNKMe6ycJDbjLqg-sA5cE9xpCPw3NwK8=,mAiobUcBaux-iNatr6EqBPQCWq73ZLIO7-VGGEpsCiY=
wQYeW2aOSFqIchvxy8Nk1Py0AuJxXwDS_x4uMjKjDek=,P0sSLZ9uikv8XVxnQQZH-BciC0zS1isv9Msb-9z8lfA=
BoIkAvmwLXcSQD0uWrfGHk6P7cbP_mowqqh73vh8Fx4=,Y6-UbqFWVvxE3jWZJhM6VN180nT57fST05qqVWA3Eq0=
f84t3Tjlxy2AwNBHVullLDVR23-GhUR2kE8sDBnwxHk=,rEJUNtrOtdBiyJxmuglQDx8Y77JxoeFOZMy4mq_2onM=
nJlh-i17s7YLoFKmumpO_phfqrzpxVulabUNx_GfR8o=,yJsavE_AuCQQMAHez1XFFPGWkXvMEImsMscGovr8iXM=
gmbiWv00cfJsjXGuiasum6P1U36uNgNzwIBoEcxRzOA=,67DUIeASvrkPRhZeyvjBPMaXKCXm_Hn1hHGOor4iYbA=
XfYfwjafaYXybi994dOTIxrhUjMM8tqzNmDj43jXRo8=,_U4PgDGVlDQRrwhzi8yUhZZYSDvdbM8Y-6fa5e8ppOQ=
FMwhgvGnMRcp5dpll_FlW1nNhadlSevhutKdPNNWKig=,VuQQ71mbDa90_1mVWrrG9zZkbn34DIlFDG2J0Ys3bjU=
CT-HprSmn5GFLGRKs51AVld0dFTx-YdGIMa88ZiN3F0=,yOU_TSJ0I9U9RW0ndhTN0LGtOrZheKpQLPmkhpmBlF0=
ev1MSDH1EBsDcSgcuiTPhDkVMrfhAf_p5ikfjpUjzhs=,aQGvDdz1nr9eyrT4cRimSrEKZzULI_xhBSms6QH7hqg=
CAhZo9LKdvNKDGRs84Z4Y9dxfRcyPL8b8ev1EdOINZs=,PakJJn9l67iN-2T5RaIAkIGnhLNGvaUp5gRjOK5Mnzk=
lbxSKH2RSg_mKYhMIfXM3zLDGtogFYpsfO19M0UE4Cc=,sejP1mdDWylzoCJ1FZwuGwxvqGD8p38FXiw7eQXDqE8=
